id,ground_truth,prediction,correct
0,decodedCapacity,maxEscapedBytes,False
1,canExclude,isTrackExcluded,False
2,expectedIndexName,expalatedIndex,False
3,style,ScrollPaneStyle,False
4,methodHandlesLookup,LOOKUP_METHOD_HANDLE,False
5,nPredicates,m_PredicatesCount,False
6,status,expectedHealthStatus,False
7,mockXPackLicenseStatus,xPackLicenseStatus,False
8,typeClsFullName,resTypeClsName,False
9,bytes,name,False
10,restoreId,RESTORE_ENTRY_ID,False
11,context,extensionContext,False
12,cache,cache,True
13,relativePath,oldPathToTest,False
14,queryBuilder,luceneQueryBuilder,False
15,printer,printTo,False
16,sourceBitmapConfig,sourceBitmapBitmapConfig,False
17,millis,fastJsonParseTime,False
18,numShards,numShardsExpected,False
19,fullSchedule,editsToSuggest,False
20,match,newReconCandidate,False
21,sectionLength,bufferUnsignedByte,False
22,status,status,True
23,fooAbs,fooAbs,True
24,request,deleteEnrichPolicy,False
25,requestUrl,PROTECTED_RESOURCE_URL,False
26,cmcdConfigurationFactory,cmcdConfigurationFactory,True
27,formatBuilder,formatBuilderForType,False
28,desktopServicesStore,dsStoreFilepath,False
29,roles,discoveryNodeRoleSet,False
30,wasPanning,wasPanningBefore,False
31,delimiter,delimeterChar,False
32,events,logOutputForTrace,False
33,clientId,clieintId,False
34,integer,numberOfTimesTested,False
35,drmEventDispatcher,drmSessionEventDispatcher,False
36,toExcluded,endOfEscaped,False
37,configurations,__configurations__,False
38,unicharsRead,charsCompressedCount,False
39,mediaEncoding,rtpMediaTypeString,False
40,status,httpStatus,False
41,semanticVersion,semanticalVersion,False
42,newReceiverNodes,newActivityNodes,False
43,serviceTimeEWMA,ewmaNanos,False
44,lexer,__lexer__,False
45,context,watchExecutionContext,False
46,paths,null,False
47,builder,infoBuilder,False
48,consumer,the,False
49,response,resposne,False
50,parsed,topMetricsAggregation,False
51,useKeyAsProperty,useKeyAsProperty,True
52,forwardButton,forwardButtonRight,False
53,random,randomize_,False
54,observer,actualObserver,False
55,valueBlock,valuesBlock,False
56,calendars,test_Calendars,False
57,serviceKey,account,False
58,FAIL_STR,_PARSE_FAIL_,False
59,currentOffset,currentBootstrapMethodOffset,False
60,updateDoc,updateTheCreatedDoc,False
61,dataStream,Local,False
62,delegateHandler,s3HttpHandler,False
63,responseDuration,totalExecutionNanos,False
64,tokenStream,tokenStream,True
65,transformState,prevState,False
66,runMode,runModeToUse,False
67,screenX,screenX,True
68,yValUncast,xDelUncast,False
69,stBuilder,stAggBuilder,False
70,userAgent,url,False
71,policy,Policy,False
72,width,width,True
73,colors,colors,True
74,extension,fileExtensionType,False
75,credentials,localNetrcCredentials,False
76,missingKeys,missingKeysInGraph,False
77,field,expected,False
78,streamedBucket,originalBucket,False
79,parsed,test,False
80,hasPostings,hasPostings,True
81,array,arrayWithNullElement,False
82,shape,actualWktGeometry,False
83,timeStamp,currTime,False
84,resources,url_Enumeration,False
85,project,),False
86,depthOfRdepOfRdep,rdepDepthToVisit,False
87,override,s,False
88,boxedArray,nonNullArrayCopy,False
89,bytes,_byteArray,False
90,jsonFile,lottieCacheFile,False
91,merged,mergedSet,False
92,floatSetting,floatSetting,True
93,cafti_ja_japanese_custGy,cafti_zh_chinese_custU,False
94,model,vertexAiEmbeddings,False
95,inputFrameInfo,inputFrameInfo,True
96,handler,serializationHandler,False
97,includeIncubator,includeIncubator,True
98,threads,code,False
99,refresh,_refresh_interval_,False
100,additionalParams,extraAuthorizationParameterMap,False
101,arrayPool,byteArrayPool,False
102,prevState,transformState,False
103,method,INVOKE_S,False
104,invocation,InvocationInfo,False
105,visibility,VisibilityProvider,False
106,docCount,_totalDocCount,False
107,entryCount,numColorIndexEntries,False
108,scale,p,False
109,skippedShards,successfulShards,False
110,fromUser,fromUser,True
111,additionalSettings,dataStreamLifecycleSettings,False
112,bgBottomHeight,bgBottomHeight,True
113,bootstrapMethodIndex,"*
   *   *
   *   *",False
114,checksumUrlString,url512,False
115,tuple,formatTestInputData,False
116,ascUrl,urlOfSignature,False
117,bufferSize,bufferSizeInBytes,False
118,flushedDocs,numFlushedDocs,False
119,request,code,False
120,disconnect,close,False
121,fmtRelDateTime,fmtRelDateTime,True
122,tableCat,_clusterName,False
123,factory,blockFactory,False
124,modulePredicate,DEFAULT_MODULE_PREDICATE,False
125,conditionLatch,latch,False
126,percentDelta,delta,False
127,target,targetClass,False
128,childContext,_asm_cnt__,False
129,hasFallback,settingsWithFooBar,False
130,blocks,outputBlocks,False
131,clusterName,getClusterName,False
132,incXmlOutput,incComponentMetaFile,False
133,snapshotLifecyclePolicyMetadata,snapshotLifecyclePolicyMetadata,True
134,reader,typeReader,False
135,start,case,False
136,nodeIds,nodeIds,True
137,digest,Digest,False
138,unused,_not__used,False
139,skipLen,skipedByteCount,False
140,fmtOffset,uTzS,False
141,constantValueAttribute,constantValueAttribute,True
142,isChanged,isChangedInvalidation,False
143,dateString,dateStrToTest,False
144,unusedIterator,unusedStubsIterator,False
145,fieldName,howToMapStringToTokenFieldName,False
146,periodDurationUs,periodEndPositionUs,False
147,usedBuiltInTokenizers,usedCharFilterTypes,False
148,pOwner,long,False
149,button,int,False
150,parent,parent,True
151,vBlock,values,False
152,fieldNamesToHighlight,matchingFieldNamesList,False
153,unicodeFilePath,utf8TestPath,False
154,failuresAllowed,allowRerankFailures,False
155,lowerCaseArch,lowerCaseOsArch,False
156,programClassCounter,matchedProgramClassCounter,False
157,updates,quickstatements,False
158,groups,typeToContextMap,False
159,expectedPolicy,Expected,False
160,colorIndex,argbBitmapData,False
161,tokenInfos,nodeLocalTokenInfos,False
162,bindingResultWithError,dateErrorBindingResult,False
163,missingId,newEntityToCreate,False
164,answer,answerForAll,False
165,keygen,keyGenForTest,False
166,startPositionUs,currentElapsedRealTimeMs,False
167,internalTypeEnumeration,internalTypeEnumerationDescriptor,False
168,primaryTerm,opPmTerm,False
169,method,method,True
170,moduleName,ClassToModuleMapping,False
171,routingNodes,aRoutingNodesBuilder,False
172,refer,invokerOfService,False
173,object,userJsonStr1,False
174,heuristicIsSuperset,heuristicSubset,False
175,document,nested,False
176,deletedProjects,projectsToBeDeleted,False
177,status,http,False
178,images,encodedImagesToReturn,False
179,fmtCal,calendarForTestUse,False
180,projects,_FluxProject,False
181,context,extractoCxt,False
182,sourceJar,sourcesArtifactResult,False
183,player,2.0,False
184,hasPointValues,hasPostings,False
185,bucketCount,numBuckets,False
186,names,runningServiceNameSet,False
187,dataSet,pieDataSet1,False
188,requestClass,aRequestClass,False
189,startPositionUs,streamStartPositionUs,False
190,fieldDescriptor,u8fieldType,False
191,historyEntryID,_changeId,False
192,buildDistTask,buildTaskInParent,False
193,fromUser,fromUser,True
194,processEnvironmentClass,ProcessEnvironment,False
195,writeLock,httpClientsWriteLock,False
196,numObj,pi,False
197,initialRoutingTable,_initialRoutingTable,False
198,methodName,method_name_to_find,False
199,failFast,doNotDelayError,False
200,flushThreshold,translogFlushSize,False
201,onDisabledOs,onDisabledOss,False
202,existingIngestPipelines,existingComponentTemplates,False
203,fields,PROPERTIES,False
204,expectedShardSize,expectedShardSize,True
205,extensions,commandExtensionProtos,False
206,currentState,_clusterState,False
207,target,hpsrTarget,False
208,rightIndex,rightChildsIndex,False
209,prefix,lottieCachePrefix,False
210,configInput,mp4aConfig,False
211,headers,httpHeaders,False
212,outputUncast,outputValueUncast,False
213,exportsByModule,moduleExports,False
214,parentLeafFactory,parentFactory,False
215,nodeId,NodeToNodeStats,False
216,increase,secondLastValue,False
217,field,geometry_name,False
218,noOffsetText,offsetString,False
219,bufIndex,charsToBeRead,False
220,resCls,R,False
221,listGet,get_int_int_int,False
222,cipher,gcmCipher,False
223,month,month,True
224,warningSettingName,nonCriticalSettingName,False
225,synonymsIdsUsedInIndices,synonymsBuiltInUsed,False
226,groupEnd,groupEnd,True
227,isManifestChanged,hasManifestXmlChanged,False
228,dataStreamRemote1Alias,dataStreamRemote1,False
229,elementValueMethodName,elementValueName,False
230,parser,DefaultExtJSONParser,False
231,directories,localBlazeDirectories,False
232,backingIndex,backingIndexNameFoo,False
233,numberFormat,aNumberFormatInstance,False
234,fullName,RClassQName,False
235,replicaShard,newPrimaryShard,False
236,project,_targetProject,False
237,rootAbs,rootAsAbsPath,False
238,contentType,_attachmentContentTypeStr,False
239,clearRealmCacheRequest,clearRealmCacheRequest,True
240,rLogger,rLggr,False
241,updater,groupOfSettingsUpdater,False
242,acceptHeaderValue,tooManyAcceptValues,False
243,aggProfileShardResult,aggregationProfileShardResult,False
244,annotatedBeanClass,annotatedBeanClass,True
245,vScrollKnob,vScrollKnob,True
246,entity,httpEntity,False
247,fullURLStr,decodesURLStr,False
248,source,actual,False
249,textureId,inputBitmap,False
250,cMemoryOwn,swigCMemOwn,False
251,writer,stringWritter,False
252,shift,flagShift,False
253,linkOff,buf,False
254,testInfo,testInfo,True
255,staticVariableName,uniqueStaticVarName,False
256,nodes,localNodeDiscoveryNodes,False
257,failure,failed,False
258,clazz,Clazz,False
259,targetField,field,False
260,values,keySet_,False
261,number,aReallyBigString,False
262,details,"\
    \",False
263,builder,builder,True
264,request,request,True
265,putLifecycle,putSlmReq,False
266,create,createIfNotExists,False
267,routingTable,routingTableMap,False
268,aliases,dataStreamAliasMap,False
269,actualList,actualValuesAsList,False
270,listener,actionListener,False
271,service,o2aService,False
272,uniformNames,uniformNames,True
273,totalCharsWritten,totalCharsDecpressed,False
274,expected,expectedIdleStateEvents,False
275,reader,mappingInputBufferReader,False
276,columnIndex,columnIndex,True
277,project,ClusterChangedEvent,False
278,centerY,yCenterY,False
279,sparseIndexMap,indexMap,False
280,vStart,vFirstValueIndex,False
281,simpleInstruction,simpleInstruction,True
282,terms,histogram,False
283,asMap,mapOfSubSettings,False
284,methodName,__METHOD_NAME__,False
285,activityClazzName,newActivityNodeName,False
286,searchFor,",   ,   ,",False
287,chunkingSettings,chunkingSettingsOverride,False
288,groupEnd,groupEndInclusive,False
289,nonExistingTask,nonExistingProjectTask,False
290,requiredSize,endOfBucketIndex,False
291,backPointers,pointerUpdatesForEntity,False
292,whitelistUserControlledList,stpListPath,False
293,contentType,mediaType,False
294,className,classInternalName,False
295,otherLat,otherLat,True
296,destBitmap,closeableBitmap,False
297,fieldName,_field_name,False
298,executionServer,MutableHandlerRegistry,False
299,support,xPathCxt,False
300,fillIn,aCharArray,False
301,chain,implements,False
302,composableTemplates,composableIndexTemplates,False
303,indexName,indexNameForStats,False
304,reader,leafReader,False
305,found,DnsRecordType,False
306,libraryClassPool,libaryClassPool,False
307,numHeaders,numHeadersToSet,False
308,criticalSettingName,deprecationSettingName,False
309,error,eOfError,False
310,weeks,weeks,True
311,attachments,attachments,True
312,authnState,new,False
313,params,paramSpec,False
314,instance,originalInstance,False
315,field,unmodifiableMapField,False
316,groupEnd,groupEnd,True
317,foobarRelative,ndFobar,False
318,atlasFilename,textureAtlasName,False
319,context,internalContext,False
320,decimalsBlock,LongBlock,False
321,oldDescs,oldObjsSet,False
322,lineNumberInfo,lineNumberInfo,True
323,headersBuilder,httpHeadersBuilder,False
324,client,client,True
325,configuration,ammqpContainer,False
326,operator,flowable,False
327,checkLicense,checkLicensesTask,False
328,seekPoint,firstBlockSeekPoint,False
329,array,doubleArrayInput,False
330,content,_fileContent_,False
331,options,options,True
332,width,width,True
333,orientation,link,False
334,totalBytes,totalDiskSizeValue,False
335,mockClient,getTaskInfoListOfOne,False
336,suppressPositionProjection,isOnDemandEvent,False
337,nameStart,keyStart,False
338,expectedChecksum,expectedChecksumString,False
339,PF_LENGTH,PARSE_FORMATS,False
340,userPassedSupplier,includeResultInError,False
341,transFactory,transFactry,False
342,hudson,hudson,True
343,constructedUserInfo,disabledUserInfo,False
344,event,pagerduty,False
345,targetSize,targetSizeInPixels,False
346,searchProfileQueryPhaseResult,Tests,False
347,minSettings,minNotTimeSettings,False
348,observer,moRef,False
349,messageConverter,messageConverterToSet,False
350,fileNAK,urlWithInvalidDomain,False
351,codeUnderTestIdObj,codeUnderTestIdChar,False
352,passwordHash,passwordHash,True
353,taken,skip,False
354,tableName,tableForToQuery,False
355,strict,strict,True
356,driverContext,operatorDriverContext,False
357,amountX,amountX,True
358,response,jsonNode,False
359,missed,int,False
360,unused,p,False
361,existing,pre,False
362,valueString,functionDescription,False
363,source,testJavaFileObject,False
364,buffer,Target,False
365,interval,logWarningIntervalMinutes,False
366,onthrowMethod,onthrowMethod,True
367,projectIndex,secIdxIdxState,False
368,bgRightWidth,bgRightWidthRight,False
369,moduleName,moduleFQName,False
370,stagingHash,stgHash,False
371,supersetSize,supersetSize,True
372,equal,toLower,False
373,clazz,_classOfVal,False
374,indexMetadata,indexMetadata,True
375,certificates,X509,False
376,bufferSize,maxBufferSizeElements,False
377,listener,actionListener,False
378,strategy,testAllocationService,False
379,vPath,zipEntryName,False
380,webSocketClient,client,False
381,toBeReturned,toBeReturned,True
382,array,targetArray,False
383,batch,batch,True
384,expectedLatn,expectednLatn,False
385,sampleEntry,entryList,False
386,expected,expectedAllowableMethods,False
387,unstubbedIterator,unstubbedIterator,True
388,builder,string,False
389,request,https,False
390,queueSize,queueSizeNanos,False
391,idleStateHandler,testableIdleHandler,False
392,aabbMax,aabbMax,True
393,listSize,numPendingInvalidations,False
394,ownerType,ownerType,True
395,modulesExports,exportsByModuleMap,False
396,secretSettings,secretSettins,False
397,positionCount,_docPositionCount,False
398,elements,n,False
399,classVisitor,classVisitor,True
400,ruleClass,ruleClassRuleClass,False
401,expectedIndexCount,expectedIndexAllowedCount,False
402,management,search,False
403,renderTimeNs,timeNanos,False
404,pname,",",False
405,platformUrl,urlWithPlatformSuffix,False
406,context,searchExecutionContext,False
407,topUncast,top,False
408,expectedCount,expectedIndexCount,False
409,dfLatn,dfArLatn,False
410,usedBuiltInCharFilters,usedCharFilterTypes,False
411,upstream,flowable,False
412,newEntries,newSymbolTableArray,False
413,request,RequestConfig,False
414,database,database,True
415,observer,MaybeObserver,False
416,cMemoryOwn,swigCMemOwn,False
417,desturi,prefix,False
418,bucket,code,False
419,object,__value,False
420,superType,typeToMatch,False
421,pathSet,actualPathSet1,False
422,resolverChain,resourceResolverChain,False
423,section,dexDataBuffer,False
424,originalBucket,testAggBucket,False
425,expected,encode,False
426,executor,poolExecutor,False
427,idpMetadataCertificates,certificates,False
428,height,height,True
429,rhsElem,lhsElem,False
430,actualLatn,actualLatn,True
431,addArr,addLastOneArr,False
432,oninvokeInstance,oninvokeInstance,True
433,target,aNotViewTarget,False
434,buffer,KByteArray,False
435,parentDirName,parentDirNameStr,False
436,processor,fail,False
437,referencingUpdates,pointerReferencingEditBuilderMap,False
438,snapshotShardSizeInfo,expectedShardSize,False
439,inferenceEntityId,idOfModel,False
440,entry,fileRelativeToPath,False
441,parsedate,date223,False
442,aggregationToJsonProcessor,aggsToJsonProcessor,False
443,newIndex,newIndex,True
444,printer,p,False
445,message,_index,False
446,sampleToCompute,objectToAnalyze,False
447,eventType,eventAction,False
448,settingKey,nameOfSetting,False
449,idleTask,resultsFromPreviousIdlePeriod,False
450,deltaX,deltaX,True
451,pathFragmentString,pathString,False
452,context,6.2.1,False
453,description,description,True
454,newThr,newThresThres,False
455,leftIndex,leftChildIndex,False
456,image,image,True
457,parentIndex,parentIndexInBucket,False
458,proxyThreads,workerThreadsWaitingFor,False
459,title,caseName,False
460,spawn,binTrueAsSpawn,False
461,incReceiverNodes,newActivityNodes,False
462,transportVersions,randomCompatibleTransportVersions,False
463,returnedRecord,record2,False
464,parsedInferenceConfig,parsedInferenceConfig,True
465,regex,regex,True
466,expectedCollection,expectedColletion,False
467,invocationOnMock,invocationOnMock,True
468,selected,addIntermediateInput,False
469,flushablePool,FlushablePoolTest,False
470,isDesignatedInitializer,isDesignatedInitializer,True
471,codePoint,codepointOfPair,False
472,artifactsResults,componentArtifactsResult,False
473,connection,connection,True
474,rayCallback,abtBroadphaseRayCallback,False
475,argumentCount,numberOfArguments,False
476,health,healthWithDetailsResult,False
477,names,namesAsArray,False
478,bScale,aScale,False
479,bgLeftWidth,bgLeftWidthX,False
480,classLevelEnabled,isTestEnabledClass,False
481,testAnn,testAnno,False
482,finalBitmap,rotatedSubsampled,False
483,target,targetWithBindFloat,False
484,categoryClass,theCategoryClass,False
485,lengthIfKnown,lengthIfKnownResult,False
486,expectedPattern,expectedSkeletonOfPattern,False
487,exponent,implementation,False
488,decodingOptions,imageDecodingOptions,False
489,componentTemplates,componentTemplates,True
490,protocols,protocols,True
491,useAlias,skipUnavailable,False
492,dateTimeStr,dateStrTimeStr,False
493,meanX,meanX,True
494,columnValues,columnTestValues,False
495,dependency,DependencyResult,False
496,params,params,True
497,which,whichButton,False
498,codeUnderTestId,Obj,False
499,clone,o__cloned,False
500,configCenter,configCenterConfigInstance,False
501,isVolatile,isVolatile,True
502,pager,widget,False
503,offset,offset,True
504,matches,sortedMatchTermIds,False
505,byteArrayPool,arrayPool,False
506,otherParamType,otherParameterizedType,False
507,request,s,False
508,outstandingRequests,numOutstandingRequests,False
509,message,message,True
510,consumer,ipConsumer,False
511,dialog,dialogInterface,False
512,vStart,vStartInBlock,False
513,parentBd,outterBd,False
514,testClassNames,testClasses,False
515,height,height,True
516,alpha,alpha,True
517,incReceivers,incActivities,False
518,indexInTrackGroup,indexInTrackGroup,True
519,readOffset,readOffset,True
520,ignoreUserOptions,workspaceSetupWarnings,False
521,commonSuperTypeIndex,typeTableIndex3,False
522,newField,newInputForInput,False
523,color,color,True
524,testClasses,nestedTestClassSet,False
525,testClass,PackagePaths,False
526,pluginPolicy,entitlementsMap,False
527,symbolsOut,dfs,False
528,response,",  ,  ,",False
529,endFlag,_end_flag__,False
530,selectedConverterType,selectedHttpMessageConverter,False
531,offset,offsetInSharedSecret,False
532,trace,stack,False
533,infoThreshold,infoThresholdValue,False
534,queue,queue,True
535,cause,actualCauseWrapper,False
536,runLength,numPixelsToSet,False
537,fieldsCopy,_,False
538,outputColorInfo,outputColorInfo,True
539,bulkShardRequest,bulkShardRequest,True
540,newReceivers,newReceivers,True
541,future,code,False
542,histo,histogram,False
543,checkMlCppNoticeTask,checkMlCppNotice,False
544,actualValue,",   ,   ,   ,   ,",False
545,service,indicesServiceDataNode,False
546,testInfo,testInfo,True
547,integerSetting,intSettingNodeScope,False
548,urlWithPort,urlWithHost,False
549,warnThreshold,warnThreshold,True
550,array,ojbects,False
551,mockTrainedModelDefinition,mockTrainedModelDefinition,True
552,builder,requestedContentTypeResolverBuilder,False
553,downstream,__Downstream__,False
554,pwdEndIdx,atSignStartIdx,False
555,pathFragment,final,False
556,timestampAdjusterInitializationTimeoutMs,startRealTimeMs,False
557,initialSeedRef,initialSeedRef,True
558,context,proximity,False
559,unfilteredRdepsOfRdeps,reverseRdepsMap,False
560,trieIterator,trieRangeIterator,False
561,sourceCodec,httpServerCodecHandler,False
562,header,h,False
563,execRoot,execRootPathString,False
564,candidate,eFoundInE,False
565,parts,trailingParts,False
566,evict,evictFullMap,False
567,newest,lastElementAccessed,False
568,fromArchive,fileToZip,False
569,repeatedValuesString,repeatedValuesAsString,False
570,indexId,sourceIndexIdna,False
571,start,startMilliSeconds,False
572,restRequest,restRequest,True
573,expected,expectedMapEntryArray,False
574,other,otherFullTextPredicate,False
575,qualifiedName,ruleNameForOutput,False
576,avgCount,avgSampledCount,False
577,innerAgg,agg,False
578,buffer,bufferToWriteTo,False
579,targetR,targetR,True
580,statusPerLine,MAX_PRINTED_LINES,False
581,builder,requestBuilder,False
582,configLocations,locationStringArray,False
583,entries,data,False
584,suite,link,False
585,encodedURLStr,encodedFullURLStr,False
586,admin,test,False
587,aggBuilder,my_agg,False
588,constantPoolOffset,constantPoolStartOffset,False
589,length,_IX_MIRROR,False
590,methodSpecBuilder,methodSpecBuilder1,False
591,commits,indexCommitsList,False
592,myCompressor,myCompresser,False
593,coreOptions,coreOptionsWithDefaults,False
594,putDataStreamRequest,createDataStreamActionRequest,False
595,prefix,the,False
596,test_date,dateToBeFormatted,False
597,parser,xContentParser,False
598,weekData,icuWeekData,False
599,trainedModelConfigBuilder,trainedModelConfigBuilder,True
600,marker,expectedInstalledFromFile,False
601,secret,key,False
602,options,imageSizeDefineOptions,False
603,targetClass,setTargetClassTarget,False
604,exception,e,False
605,tables,Expected_Tables,False
606,oldIndex,oldRowNewIndex,False
607,builder,xContentBuilder,False
608,response,createIndexResponse1,False
609,deprecationHandler,deprecationHandler,True
610,allocation,allocator,False
611,newFinalizeContext,finalizationSnapshotContext,False
612,upstream,flowable,False
613,storedFields,storedFields,True
614,description,description,True
615,invocation,invocations,False
616,factory,_anInternalFactory,False
617,observer,actualDownstream,False
618,securityEnabled,expectSecurityEnabled,False
619,usedTokenizerTypes,usedCharFilterTypes,False
620,uniquePluginIds,uniquePluginIdSet,False
621,sourceFilePath,sourceFilePathAs,False
622,suite,suites,False
623,newPreFilterQueryBuilders,preFilterQueryBuilders,False
624,localDataStream,localDatastream1,False
625,contextBuilders,buildFieldContext,False
626,length,length,True
627,location,int,False
628,warningMessage,A_TEST_HEADER_WARNING,False
629,oauthVerifier,oAuth_verifier,False
630,fieldNumber,fieldNumberInIndex,False
631,serializer,\,False
632,endIndex,endInclIndex,False
633,version,int,False
634,response,response,True
635,rootDir,elasticsearchSettingsDir,False
636,proxy,httpProxyForPlugins,False
637,webServer,webServer,True
638,idleHttpConnectionTimeout,idleHttpConnectionTimeout,True
639,attrs,fileAttributes,False
640,elapsedRealtimeUs,timeUs,False
641,targetOffsetUs,holdBackTimeUs,False
642,metaAnnotations,metaAnnots,False
643,header,addHeader,False
644,timeout,tokenCacheDuration,False
645,formatter,formatError,False
646,instanceMethod,instanceMethodsFor,False
647,emails,names,False
648,screenY,int,False
649,subsetSize,subsetSize,True
650,params,sourceMap,False
651,inner,cacheDisposable,False
652,content,textToHighlight,False
653,parsers,parsers,True
654,beans,servletRegistrationBeanMap,False
655,parameterObject,parameterObject,True
656,environmentValue,actualProfileValueValue,False
657,flingTime,flickScrollMinTime,False
658,client,Route,False
659,string,debugMessage,False
660,searchResponse,searchCompositeAggs,False
661,future,FutureValue,False
662,range,range,True
663,columnValuesSize,columnValuesSize,True
664,animating,changed,False
665,plugin,index,False
666,client,http,False
667,buffer,parsableByteArray,False
668,inputsSize,noOfInputText,False
669,oinput,oisForDF,False
670,rtpPayloadType,rtpPayloadType,True
671,quartScratch,_quartRef,False
672,offset,code,False
673,itemIndex,numBootstrapMethods,False
674,classLoader,classLoader,True
675,classLoader,applicationContextClassLoader,False
676,scoreDoc,scoreD,False
677,staplerResponse,staplerResponse,True
678,columnIndex,columnIndex,True
679,binTools,binToolsForTesting,False
680,service,typeToLoad,False
681,aByte,curByteToPrint,False
682,schemaName,schemaNameToUse,False
683,secondImage,secondImageToUse,False
684,describableType,describableType,True
685,warnings,_return_value_,False
686,charsetObj,expectedCharSetEncoding,False
687,listeners,numWaitingForRefresh,False
688,x500Principal,x500,False
689,samplers,samplersArray,False
690,attributes,String,False
691,element,anAnnotatedElement,False
692,fileInfo,fileInfo,True
693,builder,buildSettings,False
694,model,AmazonBedrockModel,False
695,resource,",   ,   ,   ,   ,",False
696,playlistParserFactory,hlsPlaylistParserFactory,False
697,isBaseSection,hasBitmapSizeInfo,False
698,setToCheck,setToAddTo,False
699,logger,Logger,False
700,moduleClasses,classFiles,False
701,formattedString,formatForTestString,False
702,retrieverBuilder,innerRetriever,False
703,update,ActionListener,False
704,upsertMap,docMap,False
705,beansMap,applicationConfigMapMap,False
706,compositeFieldScript,LeafFactory,False
707,charset,Charset,False
708,indicesStr,indices_comma_list,False
709,expressions,expressionsToAnalyze,False
710,applicationContext,__applicationContext__,False
711,context,e,False
712,scrollH,hKnobX,False
713,context,leafReaderContext,False
714,registered,REGISTERED,False
715,start,startCollectedTime,False
716,className,clzQName,False
717,httpClient,callback,False
718,delta,dX,False
719,executionCount,lineExecutionsCount,False
720,clientSecret,clieentSecret,False
721,snapshotA,dataNode,False
722,depth,depth,True
723,child,basePlan,False
724,delta,deltaIteratorCount,False
725,humanReadable,isPrettyPrinted,False
726,pluginsDirectory,elasticsearchPluginsPath,False
727,testdefault,testTimeZones,False
728,pointer,id,False
729,toExclude,to,False
730,bulkRequest,indexBulRequest,False
731,bindingResult,BindingResultForGood,False
732,producerContext,producerContext,True
733,features,depth,False
734,resName,resFldName,False
735,testtimezone,testdefaultTimezone,False
736,field,field,True
737,columnName,columnName,True
738,currentFieldName,fieldName,False
739,formatter,data,False
740,response,code,False
741,parent,cacheDownstreamDisposable,False
742,lookup,source,False
743,impls,listOfFoundPlugins,False
744,beanName,staticField,False
745,other,DoubleBucketedSort,False
746,contextClass,__classOfContext,False
747,dataTypeName,dataTypeNameToPrint,False
748,visitor,XpathVisitor,False
749,actual,actual,True
750,serverInputStream,workerStdInStream,False
751,layer,layer,True
752,destConfigDir,destConfigDir,True
753,accepted,accepted,True
754,invalidValue,outOfBoundValue,False
755,outerFilterDocCount,outerFilterDocCount,True
756,newChildren,children,False
757,lastIndex,depthForOverflowCheck,False
758,valueStart,valueStartInBlock,False
759,applicationContext,playerContext,False
760,maxes,mins,False
761,resolver,address,False
762,urlAuthSection,urlAuthSeciton,False
763,constantDynamic,constantDynamicConstantDynamic,False
764,minDays,minDowCount,False
765,staticMethods,staticMethods,True
766,refeshOnOperation,waitForIndexRefresh,False
767,currency,_localCurrencyType,False
768,method,ApplicationListener,False
769,mediaDescription,rtspMediaDescription,False
770,zeroTermsQuery,zeroTermsQueryOption,False
771,legal,ret,False
772,searchLookup,parentSearchLookup,False
773,routingTable,_routingTableNew,False
774,vVector,vBlockAsVector,False
775,consumer,imageConsumer,False
776,prefix,parentName,False
777,blockFactory,blockFactory,True
778,apiSecret,apiSecret,True
779,tests,round,False
780,itemOffset,itemIndexInInput,False
781,listener,LogicalPlan,False
782,fmtpAttributes,fmtpParameters,False
783,request,httpRequest,False
784,password,password,True
785,srcSize,subsampledImageSize,False
786,empty,hmap01,False
787,setterFunc,jreAssignMethod,False
788,outputBlock,BytesRefBlock,False
789,additionalMatcherName,operatorName,False
790,names,romNameArray,False
791,order,__IsetOrder,False
792,delegate,backingCollection,False
793,julyStr,julyStrStr,False
794,healthMetadata,healthMetadata,True
795,builders,indexBulds,False
796,bootstrapMethodArguments,bootstrapMethodArguments,True
797,parentClass,parentDeclClsInfo,False
798,other,otherParameterList,False
799,drmSessionManagerProvider,drmSessionManagerProvider,True
800,usedBuiltInAnalyzers,usedCharFilterTypes,False
801,builder,metadataServiceURLBuilder,False
802,matcher,expectedDerivResult,False
803,counter,age,False
804,mediaPeriod,period,False
805,responseHeaders,httpHeaders,False
806,oldtz,oltz,False
807,buyPrice,buyPrice,True
808,activityInfo,activityInfo,True
809,duration,totalTimeInMs,False
810,limit,endOfThisRun,False
811,settingValue,defualtValue,False
812,dirtyType,markAsDirtyType,False
813,position,offset,False
814,className,nameOfTheClass,False
815,namedXContentRegistry,xContentRegistry,False
816,fieldType,typeOfField,False
817,ruleContext,ruleContext,True
818,inputFile,inputScratchPath,False
819,predOwner,m_PredOwner,False
820,annotation,Class,False
821,serializeTestFail,failedToWriteStream,False
822,services,list,False
823,onlyIfAbsent,onlyIfAbsentValue,False
824,annotation,Merged,False
825,snapshotMetrics,snapshotMetrics,True
826,backingIndices,local_backing_indices,False
827,bound,bound,True
828,token,xContentParserToken,False
829,amountX,amountX,True
830,context,searchFetchContext,False
831,bucket,ZeroBucket,False
832,workerOutputStream,workerToMultiplexer,False
833,attribute,Attribute,False
834,docIds,_docsAsList,False
835,allocator,allocator,True
836,response,response,True
837,valuePerShardCounter,int,False
838,expectedKeys,expectedKeysAsList,False
839,stats,entityAsMap,False
840,myMap,map,False
841,descriptor,link,False
842,runnable,runable,False
843,get_nf,get_and_check_nf,False
844,fields,field,False
845,timeout,InterruptedException,False
846,loader,__classLoader__,False
847,newReplica,newOrgReplica,False
848,request,oAuth1Request,False
849,e1size,e1sizeBefore,False
850,field,cellChangeLineKey,False
851,allMethodsAndStaticVars,methodsForExtensions,False
852,pictureData,encodedPictureData,False
853,className,typeFQCN,False
854,staticMethodsForExtensions,staticMethodsForExtensions,True
855,includeQueuedWatches,includeQueuedWatches,True
856,canvas,c,False
857,branchInstruction,newGotoInstruction,False
858,minSdkVersion,minSdkVersion,True
859,interval,interval,True
860,oldValues,values,False
861,texture,anAtlasRegionTexture,False
862,vertexNumbers,vertexToIndexMap,False
863,relation,import,False
864,newChild,childToReplace,False
865,validationException,validate,False
866,dateText,twoDigitWOY,False
867,requestOptionsExtensionGenerator,requestOptionsExtensionGenerator,True
868,nonPushableLimitValue,nonPushableValue,False
869,allowChunklessPreparation,useCMcdKeys,False
870,atomicBoolean,aBooleanAtomicReference,False
871,receiverClass,classOfReceiver,False
872,defaultValue,defValu,False
873,inline,isInlineAttachment,False
874,level,log,False
875,onreturnMethod,onreturnMethod,True
876,intValues,nonDefault,False
877,whitelists,testFieldWhitelist,False
878,observer,singleObserver,False
879,moRef,innerObserverRef,False
880,annotatedElement,anAnnotatedElement,False
881,slash,idx,False
882,doConnect,shouldConnectToSource,False
883,dataSource,personDbDataSource,False
884,rowIndices,rowIndexList,False
885,meanTime,meanTimeDiff,False
886,toBytes,toBytesConverter,False
887,yearLen,daysInNewYear,False
888,rowIndex,rowNumber,False
889,ports,portNumbersAsSet,False
890,context,context,True
891,strings,yy,False
892,innerFilterDocCount,innerFilterDocCount,True
893,params,XContentBuilder,False
894,traceThreshold,traceThresholdValue,False
895,snapshot,s,False
896,supportedVersion,firstSupportedVersion,False
897,originatingUser,originatorUser,False
898,string,String,False
899,resFieldsMap,resFieldsMap,True
900,screenY,screenY,True
901,charset,CharsetEncoder,False
902,destinationIndex,localIndexAsAn,False
903,keyColumnName,insertSql,False
904,params,dsaPars,False
905,valueA,valueA_1,False
906,bigDecimal,parseBigDecimal,False
907,queryParser,matchPhraseQueryParser,False
908,channel,TaskTransportChannel,False
909,segments,segments,True
910,bootstrapMethodsData,bootstrapMethodsAttributeData,False
911,weekDef,firstDayOfWeek,False
912,bytes,_datagramData,False
913,newCookies,linkedMultiValueMap,False
914,expectedMinsOnlySearch,expectedMinsSearch,False
915,prefixKeySetting,dynamicKeySetting,False
916,binary,systemBinaryName,False
917,addressCount,numberOfSeedHosts,False
918,headers,extraHeaderAcceptConditions,False
919,engine,sslengine,False
920,seenGroupIds,seenGroupIds,True
921,ZDATA,TestGenericTime_DATA,False
922,beanName,beanName,True
923,currentSeed,newSeedForAlice,False
924,jsonFields,slowLogFieldsMap,False
925,clusterStateString,clusterStateAsStr,False
926,split,obfuscatedToOriginal,False
927,start,start,True
928,vStart,vStart,True
929,metaData,metaDataMapResult,False
930,dataBuffer,dataDataBufferResult,False
931,actor,actions,False
932,remoteModule,remoteModule,True
933,cmcdConfiguration,CmcdConfiguration,False
934,sameVersionEvent,sameVersionChangedEvent,False
935,parentAlpha,float,False
936,member,method,False
937,patterns,indexPatterns,False
938,tempBuf,DECODE_TEMP_BUF,False
939,reverse,the,False
940,resolverStyle,resolverStyle,True
941,fieldSupplier,valuesSupplier,False
942,hitContext,hitContext,True
943,quantityInStock,QuantityInStock,False
944,rtspHeaders,rtspDescribeHeaders,False
945,decimalFormat,format,False
946,originalNode,sourceNode,False
947,message,message,True
948,strategy,allocationServiceWithSize,False
949,versions,compatibilityVersionsList,False
950,field,expression,False
951,pictureType,The,False
952,validPerPosition,allowedTypesPerParam,False
953,contexts,scriptContexts,False
954,latch,tasksWereConsumed,False
955,vVector,vBlockAsVector,False
956,listener,private,False
957,velocityY,velocityY,True
958,outputSurfaceInfo,surfaceInfo,False
959,invocation,Invocation,False
960,builder,xContentBuilder,False
961,resolverUtil,typeResolvingUtil,False
962,element,AnnotationElement,False
963,carry,addOneToPart,False
964,pIgnoreExceptions,pCacheRemoveInvocationContext,False
965,errorMessage,expectedToNotPass,False
966,nameAndTypeItemOffset,nameAndTypeOffset,False
967,columnMatcher,columnAsJavaRegex,False
968,androidMorEarlier,isOnOldAndroid,False
969,concurrencyCompensation,concurrencyCompensationFactor,False
970,clusterer,expectedClusterer,False
971,targetClass,aTargetClass,False
972,maxLength,maxUrlLength,False
973,apiKey,api_key,False
974,thisModuleExports,moduleExportsByModule,False
975,withNulls,nonNullDataRows,False
976,globalCheckpoint,lastKnownGlobalCheckpoint,False
977,separator,separatorToUse,False
978,parsedHeuristic,parsedSignificanceHeuristic,False
979,otherSettings,localNodeSettings,False
980,expectedMap,expectedValueAsMap,False
981,classes,clssssss,False
982,nullability,nullability,True
983,metaAnnotation,srcAnnoS,False
984,fieldsProducers,termVectorsProducers,False
985,returnType,methodParameterForType,False
986,object,"*
   *
 *",False
987,initial,initailized,False
988,source,",",False
989,onScriptError,onScriptError,True
990,inferenceEntityId,uniqueModelIdString,False
991,allULocales,allULocales,True
992,params,ignore,False
993,minutesStr,MinsInStr,False
994,decompressedSize,compressedSize,False
995,chunkingSettingsMap,chunkingSettingsMap,True
996,distance,elements,False
997,contentSupplier,bodySupplier,False
998,options,circuitbreaker,False
999,newXml,newAndroidManifestXml,False
